"","cond","automation","firm_responsibility","human_responsibility","firm_liability","human_liability","gender","gender_4_TEXT","ethnicity","ethnicity_6_TEXT","age","education","education_8_TEXT","license","ai_knowledge_1","PROLIFIC_PID","ss","label","transparency"
"1",1,6,0,100,1,100,2,"",3,"",38,3,"",2,17,"608078f433346dd7a841b511",1,"auto",2
"3",1,6,13,90,7,95,1,"",3,"",46,7,"",1,20,"631ff899c56260cb62016bca",2,"auto",2
"4",3,3,21,72,20,72,2,"",3,"",27,4,"",1,67,"60fd91ba186c1003454a6a7a",3,"co",2
"6",3,2,0,100,0,100,2,"",3,"",33,5,"",1,25,"6032f9d56de00f37d060a779",4,"co",2
"9",1,4,71,71,55,70,2,"",3,"",60,5,"",1,61,"5a91877e777df200015fa0f5",5,"auto",2
"10",1,5,0,100,0,100,1,"",3,"",22,3,"",1,100,"62866264394aea9d61adb089",6,"auto",2
"11",3,4,27,85,22,81,2,"",2,"",37,4,"",1,66,"5c03fc30c776820001bdadb3",7,"co",2
"12",2,5,13,98,12,99,1,"",3,"",56,2,"",1,33,"5e4718aac621bd1e5f0c2297",8,"auto",1
"13",2,5,30,100,74,84,2,"",3,"",35,4,"",1,65,"5f9ad972c3a1dd24704dd558",9,"auto",1
"14",3,4,10,95,10,100,1,"",2,"",27,3,"",1,70,"5ea637f69b1fb665cf28940b",10,"co",2
"15",4,4,90,70,85,100,1,"",3,"",30,1,"",1,30,"60863cf20692f94a0fb0833c",11,"co",1
"16",1,5,50,75,50,75,2,"",3,"",30,5,"",1,60,"5dcf5cfcf3b7c209a61477f8",12,"auto",2
"17",2,6,58,61,57,79,2,"",3,"",40,4,"",1,36,"634d432d2ede39ffa2e81c2a",13,"auto",1
"18",3,4,17,100,0,100,1,"",4,"",22,3,"",1,51,"5af0bd948170ac0001e64b99",14,"co",2
"19",1,4,71,80,77,55,2,"",3,"",57,3,"",1,60,"640a43c5c10fbb5b9f3f6cc1",15,"auto",2
"21",4,4,0,100,10,90,1,"",6,"Native American",25,3,"",1,55,"630d26a49910ba90008fe6b5",16,"co",1
"22",3,5,32,82,79,78,2,"",3,"",21,3,"",1,30,"64089f6f4f0e2f447c9de335",17,"co",2
"25",1,5,70,85,75,75,2,"",3,"",28,5,"",1,16,"6176c48e4ad114e770198192",18,"auto",2
"26",3,4,58,83,59,87,2,"",3,"",21,4,"",1,34,"61147fe0ad281b1f08574891",19,"co",2
"27",4,6,20,100,69,91,2,"",1,"",21,3,"",1,77,"6294c3853d7d999b10bd034e",20,"co",1
"28",1,6,32,87,30,90,2,"",5,"",24,4,"",2,7,"5bbe6691ba8d7d0001951ef9",21,"auto",2
"30",2,6,70,60,70,60,2,"",3,"",38,4,"",1,40,"5d0f9b5a905351000124f56c",22,"auto",1
"32",1,5,30,70,30,70,2,"",3,"",59,5,"",1,10,"6106f6e22517f1e7cb3ff868",23,"auto",2
"33",4,4,72,82,71,82,2,"",3,"",23,4,"",1,19,"610787c5267f779a3087986d",24,"co",1
"34",3,2,21,91,29,81,2,"",4,"",25,3,"",1,17,"6237c126a6a50d9a00697910",25,"co",2
"35",2,6,1,91,0,90,2,"",3,"",31,3,"",2,7,"5c4e9bd1818d4d00013e8859",26,"auto",1
"36",1,6,12,92,20,90,1,"",3,"",37,4,"",1,39,"5f2ddeae9dfd7a132a7f4ae8",27,"auto",2
"37",3,5,44,63,41,63,1,"",2,"",38,4,"",2,25,"5f51287698edeb30a0cf878d",28,"co",2
"38",3,2,0,100,0,100,2,"",3,"",60,4,"",1,60,"6456f91b740a3939ec0f22a2",29,"co",2
"41",4,5,25,90,50,90,1,"",3,"",36,3,"",1,40,"559385f5fdf99b78e49c58e9",30,"co",1
"42",3,4,4,97,7,96,2,"",3,"",34,5,"",1,63,"5d215a1bbf7f840019701939",31,"co",2
"44",2,5,75,85,40,96,2,"",3,"",49,4,"",1,22,"646ba54cb721ef9332b21599",32,"auto",1
"45",4,5,60,81,85,60,4,"nonbinary",3,"",28,3,"",1,24,"61126f1e31ca0be8115ac72f",33,"co",1
"46",2,4,70,30,45,55,1,"",2,"",22,4,"",2,45,"5f133dabb6d33409b90e9c2f",34,"auto",1
"47",1,6,0,100,19,100,1,"",1,"",28,3,"",1,20,"62e03b9371da693f1d6ee42c",35,"auto",2
"48",2,3,59,85,58,88,1,"",5,"",38,8,"MBA",1,40,"57656f6c2bfddf000125cce5",36,"auto",1
"49",3,4,10,90,10,90,1,"",3,"",20,3,"",1,15,"60960a29d02b9ada38f583b5",37,"co",2
"54",3,5,13,79,19,78,1,"",2,"",19,3,"",2,74,"645c5d4527a85958aec271f4",38,"co",2
"55",1,6,0,100,0,100,2,"",3,"",48,3,"",1,10,"59f21fe8cc514a00011a66cf",39,"auto",2
"56",4,4,0,51,84,73,2,"",3,"",33,1,"",2,50,"55afe01bfdf99b4ba8045bea",40,"co",1
"58",2,5,0,100,5,95,1,"",3,"",60,4,"",1,9,"5be2e7e491deed00015adcb0",41,"auto",1
"59",2,6,31,80,60,90,1,"",3,"",35,4,"",1,43,"5f6aacb57829231956ac4fdc",42,"auto",1
"60",4,4,0,100,0,100,2,"",3,"",29,2,"",1,30,"601ef852d1b8f23d0d9a3599",43,"co",1
"61",3,5,0,100,0,100,2,"",3,"",34,3,"",1,21,"60dfdb8bbef17b6739d12215",44,"co",2
"63",1,6,0,100,0,100,2,"",3,"",36,1,"",1,60,"5c4e7dcdd3a5e30001836f82",45,"auto",2
"64",1,5,69,50,69,50,1,"",3,"",42,4,"",1,69,"62dc24fa35bc6caa02048e3e",46,"auto",2
"65",2,5,64,79,67,74,2,"",2,"",24,4,"",1,40,"60da4f9aa1ced7efeecca18a",47,"auto",1
"67",3,4,29,81,29,80,2,"",3,"",31,4,"",1,18,"61085078e47522106cadb883",48,"co",2
"68",1,5,10,97,10,100,1,"",1,"",49,5,"",1,40,"57298879dfbb55000903bbbe",49,"auto",2
"69",3,5,51,51,51,51,2,"",6,"Indigenous",30,4,"",1,33,"6107aa6f38f7447e97ac02b9",50,"co",2
"70",3,4,21,78,18,79,2,"",3,"",23,5,"",1,45,"6127017baee75f10aa174139",51,"co",2
"71",2,5,0,100,19,100,2,"",3,"",49,1,"",1,0,"61250c3cc9fe86f272ae4d2f",52,"auto",1
"72",1,4,62,83,55,67,1,"",3,"",38,4,"",2,33,"5eb31693fa15220f9644b702",53,"auto",2
"73",4,3,71,67,82,93,2,"",3,"",25,3,"",1,58,"629e4d79be0e1ecd4ce30ab4",54,"co",1
"74",3,5,10,90,10,90,2,"",3,"",26,5,"",1,40,"645e3a724c49682e5720d171",55,"co",2
"75",4,4,0,100,20,82,2,"",2,"",22,4,"",1,21,"60ff03bff7510240e42ea366",56,"co",1
"77",4,5,65,36,77,34,1,"",4,"",22,1,"",1,78,"63379b05773c5c7387be019f",57,"co",1
"80",2,5,80,61,75,60,1,"",3,"",21,4,"",1,30,"62ac7ad94cc5e1db068a442c",58,"auto",1
"83",4,5,90,60,90,60,2,"",3,"",36,3,"",1,35,"56514c84715ff50011a43878",59,"co",1
"84",2,5,0,100,0,100,2,"",3,"",31,5,"",1,10,"61183a3a63c62d933e60d5bf",60,"auto",1
"86",1,6,5,92,11,98,2,"",3,"",58,4,"",1,24,"6108688a0dab4b6622af82e9",61,"auto",2
"87",1,5,20,100,10,100,2,"",3,"",31,4,"",1,30,"596fea64a5c32a0001584755",62,"auto",2
"88",1,5,5,100,4,95,2,"",1,"",20,3,"",2,9,"607c4ce73743ee10f2b169c7",63,"auto",2
"89",4,4,5,100,0,100,2,"",3,"",42,3,"",1,40,"5e17dbfb555d170ea41059b7",64,"co",1
"91",1,3,53,59,55,51,2,"",4,"",28,1,"",1,28,"5b99867122901b0001fdbd15",65,"auto",2
"93",2,5,100,100,100,100,1,"",3,"",38,3,"",1,50,"63008ac67b7d6d032e5c1884",66,"auto",1
"94",3,4,10,90,0,100,1,"",3,"",56,5,"",1,70,"63b37db51662f3a9e9a48c42",67,"co",2
"95",2,5,60,75,60,40,2,"",3,"",37,5,"",1,0,"60fd0c7f3feef315172385cf",68,"auto",1
"97",3,4,51,90,8,92,2,"",3,"",59,5,"",1,19,"62b8a08a9ff4c7c019c33208",69,"co",2
"98",4,4,77,91,75,90,2,"",2,"",23,4,"",1,56,"5eb342dff78ab11407daf144",70,"co",1
"99",1,2,15,90,0,90,1,"",3,"",20,1,"",1,40,"64013a11b2e34e23cb8c81ac",71,"auto",2
"100",4,4,100,75,100,85,2,"",4,"",26,3,"",2,0,"5daf9e6815dc35001498cd77",72,"co",1
"101",4,4,87,81,85,81,2,"",3,"",22,4,"",1,38,"6100638e4064cf309c8702db",73,"co",1
"102",1,4,32,70,24,66,2,"",4,"",24,4,"",1,47,"5f5e401d77501a6b82743d56",74,"auto",2
"103",3,5,30,90,40,87,2,"",3,"",47,1,"",1,30,"5db0a97f127d4000117cdfa0",75,"co",2
"104",4,2,18,82,19,80,2,"",3,"",30,1,"",1,40,"5cc3f0f9fdb33500018c5eeb",76,"co",1
"105",2,5,20,80,20,80,1,"",3,"",50,4,"",1,30,"62850929d863bbcde0ef538b",77,"auto",1
"106",4,4,20,100,20,100,2,"",3,"",49,5,"",1,40,"60fe1a7073aa87f6bea5e504",78,"co",1
"107",1,4,15,80,51,51,1,"",2,"",21,3,"",1,60,"611ee12b0e9abaefd865f415",79,"auto",2
"108",4,5,7,85,0,95,2,"",3,"",33,4,"",1,30,"63e573b546bc72bbe9bffc5f",80,"co",1
"109",2,4,63,81,78,60,3,"",4,"",24,3,"",1,13,"60fdc934e81b93f92f561d76",81,"auto",1
"112",1,6,100,35,100,30,1,"",1,"",37,3,"",1,11,"60fcd954f5ff1656599b53c9",82,"auto",2
"113",2,6,20,80,20,80,1,"",3,"",37,1,"",2,11,"63101cafd1872c9ac5d04944",83,"auto",1
"114",1,5,0,100,0,100,1,"",2,"",20,3,"",1,21,"629e32cb3a519aff19a0b4cf",84,"auto",2
"115",3,6,1,99,3,99,2,"",3,"",53,3,"",1,11,"644dbb471d8a422ca40892c9",85,"co",2
"117",1,4,11,88,10,88,2,"",3,"",58,4,"",1,10,"5c2bd04e39b4ef000160605c",86,"auto",2
"118",2,4,41,50,38,50,1,"",3,"",26,3,"",1,40,"62c9c0f4d7ea4a24b86d445d",87,"auto",1
"119",3,5,0,100,0,100,2,"",3,"",54,1,"",1,59,"5c0727ff1d461400012b61ee",88,"co",2
"120",2,5,0,100,0,100,1,"",1,"",33,1,"",1,80,"6441a242a7d85d5c3e49a173",89,"auto",1
"121",1,5,71,65,70,71,2,"",3,"",33,1,"",1,60,"55a75835fdf99b26395fae40",90,"auto",2
"122",4,4,10,100,35,100,2,"",3,"",21,3,"",1,50,"63ced45255e61c93372b591a",91,"co",1
"125",3,5,30,100,65,80,1,"",3,"",27,4,"",1,46,"5f1dc8e9a351ad07a95854c1",92,"co",2
"126",1,6,9,92,9,92,2,"",2,"",50,5,"",1,19,"6019e00ed94edf15326f30f3",93,"auto",2
"127",1,6,30,80,30,80,2,"",3,"",64,1,"",1,30,"648b529e016f75e4e3eef5b8",94,"auto",2
"128",1,5,70,75,70,75,1,"",3,"",27,4,"",1,70,"5cb5f1e080ba1c0001790399",95,"auto",2
"129",4,6,70,85,71,84,2,"",2,"",30,7,"",1,30,"63ea5fe64d7a2cce52a149ca",96,"co",1
"130",2,5,61,77,58,79,2,"",3,"",31,1,"",1,11,"5fb8c064339ea562edc00d73",97,"auto",1
"131",1,4,81,75,79,73,2,"",3,"",57,4,"",1,10,"6268a3f5379f921275a284f1",98,"auto",2
"133",3,4,54,80,40,80,1,"",3,"",37,3,"",1,25,"5843e65e56019d0001f6a305",99,"co",2
"134",1,4,18,78,16,74,1,"",3,"",42,4,"",1,72,"5c3056c489f0350001766df3",100,"auto",2
"135",3,5,19,92,28,95,1,"",3,"",38,1,"",1,70,"632c0075227e9b734c80424d",101,"co",2
"136",4,4,37,90,46,92,1,"",3,"",22,1,"",1,45,"5f47fbe03c255115b01b09cf",102,"co",1
"137",3,5,25,80,20,75,1,"",3,"",40,4,"",1,25,"63c34086cb929e7c9b844a67",103,"co",2
"138",1,6,0,100,0,100,2,"",3,"",37,4,"",1,21,"5c46353e11509900018e24b4",104,"auto",2
"139",4,4,8,100,0,100,2,"",3,"",32,4,"",1,12,"56a93cf24020250005d62f2b",105,"co",1
"140",3,2,19,93,18,91,2,"",3,"",24,4,"",1,28,"61036aeff93d21cabb9ea539",106,"co",2
"142",4,4,70,31,67,69,1,"",3,"",28,5,"",1,60,"63e52399159a69bf0ea848c6",107,"co",1
"144",3,6,0,100,0,100,1,"",3,"",41,1,"",1,39,"5eacd70006f95f33990e3df9",108,"co",2
"145",2,5,11,83,55,80,1,"",3,"",21,3,"",1,50,"5d0fbedf101793000168ef7a",109,"auto",1
"146",1,6,37,100,37,100,1,"",3,"",1993,1,"",1,78,"63e6fbbb06dfbbad96f35f76",110,"auto",2
"148",1,6,18,100,29,95,2,"",3,"",49,3,"",2,8,"5da9fec949bab300155afb7f",111,"auto",2
"152",4,4,1,100,100,100,2,"",3,"",51,3,"",1,54,"5b49eba46a4f840001f77485",112,"co",1
"153",1,4,0,94,0,100,2,"",2,"",33,5,"",1,18,"5eeaa01384c5591c6d9ae6a3",113,"auto",2
"154",3,5,57,100,36,100,2,"",3,"",41,4,"",1,30,"640d988c383c60ed564dd05e",114,"co",2
"157",4,4,29,91,64,91,2,"",3,"",23,1,"",1,30,"5af238825847970001e34baf",115,"co",1
"158",3,4,50,50,50,50,1,"",3,"",52,2,"",1,65,"5e128be453b56e910ed08c39",116,"co",2
"159",2,6,60,80,60,80,1,"",3,"",34,1,"",1,20,"62e19208352cd518d7b2f085",117,"auto",1
"160",3,4,0,92,62,73,2,"",2,"",37,4,"",1,23,"5dd0098e01fadf0fa6c3a15f",118,"co",2
"161",3,4,55,76,65,90,2,"",3,"",31,4,"",1,20,"55c4fc3dfdf99b559867a416",119,"co",2
"162",2,5,52,72,56,74,1,"",4,"",36,2,"",1,5,"5a8dc255b093f80001a82a3c",120,"auto",1
"163",2,4,5,100,6,96,2,"",3,"",36,5,"",1,11,"5f6e71f3b273c13b726f3622",121,"auto",1
"164",2,5,15,92,15,95,1,"",1,"",25,4,"",2,62,"5eeeb4ef8bee9f136a054a69",122,"auto",1
"165",2,6,20,85,15,80,1,"",5,"",27,1,"",1,70,"63624e182de230be2be1f64c",123,"auto",1
"166",1,5,10,100,9,100,2,"",3,"",21,4,"",1,17,"610045035697c3ee82c7eeef",124,"auto",2
"167",2,6,80,14,81,6,2,"",3,"",62,4,"",1,65,"640cf44e8bf4e101d82a76a1",125,"auto",1
"170",3,4,0,100,0,100,2,"",5,"",60,7,"",1,60,"630f8f763f068e885ea5b910",126,"co",2
"171",4,5,75,96,70,90,2,"",3,"",38,1,"",1,10,"57e37f40bcd7150001df6be9",127,"co",1
"173",4,5,10,90,10,90,2,"",3,"",21,3,"",1,60,"60fc2f923851f117e21b878f",128,"co",1
"174",4,4,21,100,0,100,2,"",6,"Native American ",43,3,"",1,0,"5e885b936d76504cabe57f4f",129,"co",1
"175",4,6,3,100,2,100,1,"",1,"",36,1,"",1,66,"611ace65a6210e35e2aa05eb",130,"co",1
"176",4,5,0,100,0,100,1,"",3,"",40,3,"",1,15,"62e9af0ad2d5938d280419ad",131,"co",1
"178",2,6,90,93,93,85,1,"",3,"",30,5,"",1,63,"5e77dd22a02ca535d408b61f",132,"auto",1
"179",4,4,10,99,5,100,1,"",3,"",46,5,"",1,40,"5e8a56e09c5a6f6fa9afff5f",133,"co",1
"180",3,4,0,100,0,100,1,"",3,"",22,3,"",2,50,"5c7d6064f066ff001468d0f5",134,"co",2
"181",3,5,0,92,7,100,1,"",3,"",26,3,"",1,74,"5e62dbd8142c3c08017d8728",135,"co",2
"182",1,6,60,90,80,80,1,"",3,"",29,3,"",1,40,"5d80e72af73a9d001d0de6b2",136,"auto",2
"184",2,5,92,19,91,18,2,"",3,"",64,3,"",1,71,"5d5d431608a4b10016285091",137,"auto",1
"186",2,4,65,70,80,65,2,"",3,"",29,5,"",2,18,"62a8ee3245fd70e219ad2aeb",138,"auto",1
"191",2,5,68,81,81,81,1,"",2,"",35,4,"",1,60,"64136da866ff27f7bf98cfe0",139,"auto",1
"194",1,6,100,100,100,100,2,"",3,"",37,3,"",1,15,"58635484a73baa00010db537",140,"auto",2
"195",2,6,7,100,93,100,1,"",3,"",55,7,"",1,7,"6445af97679d97a6911943d4",141,"auto",1
"196",1,3,25,90,25,90,1,"",3,"",25,2,"",1,65,"5e56457f6370ba0184e041b4",142,"auto",2
"199",4,4,10,90,15,85,4,"non-binary ",3,"",25,3,"",1,25,"60fcc9362291d286eae03c58",143,"co",1
"200",3,5,44,59,46,57,1,"",3,"",45,3,"",1,62,"601478ee2d7cc94b1f1855ec",144,"co",2
"201",3,4,85,69,85,60,2,"",3,"",69,5,"",1,55,"5c5f8a910edbd90001e1feda",145,"co",2
"202",4,4,18,60,17,72,1,"",1,"",33,5,"",1,80,"62d882e6a4564ff6bbeef874",146,"co",1
"204",1,6,0,100,0,100,2,"",3,"",48,4,"",1,65,"63b9d3abc3ddc61c8c08fd84",147,"auto",2
"206",4,4,0,100,25,75,2,"",3,"",39,3,"",1,10,"5fb1c8cdbf116f7140c7a27e",148,"co",1
"207",4,5,25,75,20,100,1,"",3,"",36,3,"",1,35,"5c43c90d5aca820001f73f6f",149,"co",1
"208",3,4,5,97,5,100,1,"",2,"",37,4,"",1,70,"631657c33eff5ac8d55058ce",150,"co",2
"210",1,6,62,100,73,87,2,"",3,"",69,3,"",2,51,"63c437337eef664e06fdf1f7",151,"auto",2
"212",3,3,20,85,15,85,1,"",3,"",56,2,"",1,70,"5ede3d2ef7c9f9068776c4d2",152,"co",2
"214",2,5,20,80,0,100,1,"",3,"",20,3,"",1,70,"5e8a303d9a92e402f46f6361",153,"auto",1
"218",1,5,10,100,10,100,2,"",3,"",56,4,"",1,29,"63b744d6c92e283f8b15993a",154,"auto",2
"219",4,6,35,69,41,60,2,"",3,"",30,1,"",2,16,"5d815ba661013f00170a8def",155,"co",1
"220",4,4,5,95,0,95,1,"",3,"",30,1,"",1,85,"5d4225e01985380018375d83",156,"co",1
"221",3,5,21,89,20,89,1,"",3,"",43,3,"",1,78,"62348f3b53e65a4bfb7acd8b",157,"co",2
"222",1,2,5,95,5,95,1,"",3,"",30,4,"",1,60,"632096b5574155e8727c50cc",158,"auto",2
"223",1,5,10,90,0,100,1,"",3,"",34,4,"",1,60,"63f94e6a56d57031c54cb24c",159,"auto",2
"225",1,5,9,93,8,93,1,"",3,"",46,3,"",1,61,"6400f14b24ac2b910c9f2d93",160,"auto",2
"227",2,5,0,30,81,20,4,"nonbinary",3,"",42,4,"",1,30,"6293930a73a8649bd00fc052",161,"auto",1
"231",3,6,52,100,52,100,2,"",3,"",50,3,"",1,5,"6290d5193a4f1be819f985b2",162,"co",2
"232",3,4,23,89,22,85,1,"",3,"",46,4,"",1,60,"5d30d94d6c17550001d3ba17",163,"co",2
"234",2,4,88,90,91,91,2,"",3,"",29,4,"",1,69,"5c7dcd11f066ff001568e56a",164,"auto",1
"235",2,4,72,79,68,73,1,"",3,"",57,4,"",1,17,"6317db8020afb4f2e618569c",165,"auto",1
"236",3,2,7,85,16,85,4,"Non-binary",3,"",31,3,"",1,13,"5ae2b45afef71c0001bea628",166,"co",2
"238",3,5,0,100,0,100,2,"",3,"",36,3,"",1,51,"5bc0ac845a09ea00012e2d30",167,"co",2
"239",2,6,70,72,80,82,2,"",3,"",37,5,"",1,65,"5e402dcd7b260d000a7b69fe",168,"auto",1
"240",2,4,50,50,50,50,2,"",3,"",70,3,"",1,30,"5c8eb16ed169ac0001c27629",169,"auto",1
"242",4,3,70,90,60,95,1,"",3,"",40,7,"",1,20,"630981b0f861918e8174a43e",170,"co",1
"244",2,5,10,90,11,90,1,"",3,"",34,4,"",1,75,"5f2f03deec679e2cf4a992e6",171,"auto",1
"246",2,6,70,95,70,95,2,"",1,"",18,1,"",2,10,"64135f3a5f83c8b43e569213",172,"auto",1
"247",3,4,2,98,2,98,1,"",3,"",36,4,"",1,65,"5df416a57bf5722f9a501255",173,"co",2
"248",1,6,0,100,0,100,2,"",3,"",40,3,"",1,60,"610713f7eeb92963429b5d7d",174,"auto",2
"249",2,5,35,60,70,50,1,"",3,"",53,8,"Associate Degree",1,30,"633e327052bcc8b44d6e0d2c",175,"auto",1
"250",1,5,0,100,0,100,2,"",3,"",73,2,"",1,50,"5dfd35cb7bf572a2bb30b26f",176,"auto",2
"251",1,5,0,100,0,100,1,"",3,"",42,4,"",1,25,"645fd4de4a40a80d6cbe70f2",177,"auto",2
"252",4,2,99,94,9,99,1,"",2,"",36,4,"",1,52,"56a40b90582971000c7b49b7",178,"co",1
"253",4,5,74,63,74,96,2,"",4,"",50,3,"",1,17,"63df41179d1e6352b228a74f",179,"co",1
"254",4,4,0,100,60,100,1,"",3,"",43,7,"",1,65,"5edb7982f3b2f87f8ef83236",180,"co",1
"255",1,5,10,100,10,98,2,"",3,"",38,4,"",1,5,"59b0106d834a170001d6061c",181,"auto",2
"256",2,6,61,71,60,60,1,"",3,"",36,4,"",1,51,"62e1ce78f3baa9e8ae1acfdf",182,"auto",1
"259",2,5,7,100,6,100,1,"",3,"",44,3,"",1,70,"62bbcce64f644bd5698c9422",183,"auto",1
"261",2,5,50,60,50,60,1,"",3,"",41,1,"",1,30,"5b05e0d131cebe000177c38e",184,"auto",1
"263",2,4,27,90,19,86,1,"",3,"",34,4,"",1,63,"5e648efca8c76520c918bb31",185,"auto",1
"265",3,2,10,100,0,100,1,"",3,"",38,4,"",1,50,"5f4828b6dbc4a22da4be4d72",186,"co",2
"267",4,5,19,75,36,75,2,"",3,"",29,4,"",1,12,"60feba907cda681c2cf6cb07",187,"co",1
"268",1,5,75,85,55,80,1,"",3,"",34,1,"",1,30,"5622e62bed6e5a0011c807b3",188,"auto",2
"270",2,5,90,70,100,65,1,"",3,"",35,3,"",1,30,"5e6482c9142c3c204d56baa0",189,"auto",1
"272",1,3,70,90,65,100,2,"",5,"",28,4,"",1,35,"5c5e2da13035a60001df1f28",190,"auto",2
"273",3,2,32,82,60,73,1,"",3,"",64,1,"",1,51,"6372a4ce725e6bb64a863e72",191,"co",2
"274",3,2,20,95,20,85,1,"",3,"",33,4,"",1,60,"63d516bacccbc5240fbd18c4",192,"co",2
"276",1,4,2,100,10,100,2,"",3,"",40,5,"",1,22,"5c3388fa01439b0001a0adfe",193,"auto",2
"278",2,2,0,100,0,100,1,"",3,"",53,4,"",1,60,"6363622321319f35b9cb6f2d",194,"auto",1
"279",2,2,40,91,20,88,1,"",3,"",27,1,"",1,77,"609371fc24c531563322d57c",195,"auto",1
"280",1,5,0,100,0,100,1,"",3,"",25,4,"",1,19,"6164f32a3728684416599526",196,"auto",2
"281",2,5,71,60,70,60,2,"",3,"",42,2,"",1,0,"59874dcc6ab9880001b5ade8",197,"auto",1
"284",3,5,18,100,23,100,2,"",3,"",34,1,"",1,36,"62da941cdd9d95738a12793e",198,"co",2
"285",1,4,0,100,0,100,1,"",5,"",40,4,"",1,25,"5755a4c33c680b00095db408",199,"auto",2
"286",2,4,28,80,30,67,2,"",3,"",21,3,"",1,29,"60fc65faaad08e9c5457b082",200,"auto",1
"287",4,4,60,80,60,80,2,"",3,"",26,4,"",1,60,"5cbb78d664170f00011d7c4f",201,"co",1
"289",4,3,0,70,90,30,2,"",3,"",26,6,"",1,30,"60c939f66b866cfeb73eec68",202,"co",1
"290",2,2,0,100,0,100,1,"",3,"",45,4,"",1,17,"5e175705cfe8dc000b559793",203,"auto",1
"291",3,3,10,91,10,90,2,"",3,"",70,5,"",1,20,"5806ceacf0740c00017892c8",204,"co",2
"292",3,2,0,100,9,100,1,"",3,"",29,4,"",1,25,"60b788ecd24b27bb39298936",205,"co",2
"293",1,5,0,100,0,100,2,"",3,"",59,4,"",1,40,"62b66f9e7e9410854b1a987c",206,"auto",2
"295",3,4,100,75,100,0,2,"",3,"",40,1,"",1,50,"5d7f79e7e41ee70018d9164a",207,"co",2
"296",2,4,50,82,28,70,2,"",3,"",41,4,"",1,70,"5fc98fe1b105424d4b03381b",208,"auto",1
"297",2,6,0,100,0,100,2,"",3,"",44,5,"",1,15,"60c54f176335311a2d957f62",209,"auto",1
"298",4,5,10,90,10,90,1,"",3,"",38,1,"",1,20,"6312f1a8321f5ec52a6a8a19",210,"co",1
"300",3,6,50,50,25,75,2,"",3,"",54,3,"",1,25,"559c1e28fdf99b2189ee807d",211,"co",2
"301",4,5,94,100,94,100,2,"",3,"",42,4,"",1,21,"5f03b9bb0207bf5ee50faf41",212,"co",1
"302",1,5,9,91,9,91,1,"",3,"",41,4,"",1,35,"614fb78a1b669f5333f1b6be",213,"auto",2
"303",3,4,90,100,85,100,1,"",1,"",23,4,"",1,10,"60cfbde031636572d788e78d",214,"co",2
"304",3,3,10,97,18,98,2,"",3,"",58,3,"",1,15,"5bec5b873ffbad0001e8b968",215,"co",2
"305",3,5,14,84,20,80,1,"",3,"",30,3,"",1,26,"5d61d22047787f000175cf6a",216,"co",2
"307",3,5,30,100,20,100,1,"",3,"",42,1,"",1,40,"611bef112e9841a0a0f5a8d4",217,"co",2
"308",4,3,0,100,0,100,2,"",3,"",72,5,"",1,29,"6387db71396bd54b2e9fcd09",218,"co",1
"309",3,3,34,100,20,100,1,"",3,"",19,1,"",1,10,"641b75662ac773952a58da70",219,"co",2
"311",2,3,15,100,14,100,2,"",3,"",50,5,"",1,67,"59dc4083ae9f950001d83b4b",220,"auto",1
"313",4,4,56,90,61,81,1,"",3,"",21,4,"",1,85,"63ed2115f26baf8010950f68",221,"co",1
"314",3,4,20,80,30,97,2,"",3,"",34,3,"",1,40,"5ec17a2e02be030625eaff6e",222,"co",2
"316",3,5,6,94,4,92,2,"",3,"",41,4,"",2,70,"5d1d3f10d5669200017b4e46",223,"co",2
"317",2,5,22,87,59,25,2,"",3,"",21,4,"",1,48,"5f48aadb6432ef37397408ca",224,"auto",1
"318",3,2,70,80,70,80,1,"",2,"",29,7,"",1,80,"59c3f1de8e6ea10001f7b9f4",225,"co",2
"320",4,4,29,79,29,73,2,"",3,"",26,4,"",1,29,"64552149a87311d35e98a930",226,"co",1
"321",2,6,51,91,50,90,2,"",3,"",66,6,"",1,20,"638e84c70418d8a2c0aa372e",227,"auto",1
"324",1,5,60,80,57,85,1,"",4,"",26,4,"",1,10,"5eaefec7c1324e5def56caf8",228,"auto",2
"325",1,6,82,40,80,26,1,"",3,"",23,3,"",1,61,"5ec03a5e431c380a2dd46bb5",229,"auto",2
"326",3,2,51,99,38,100,1,"",4,"",27,3,"",2,15,"578b5756160201000103fe40",230,"co",2
"328",2,4,65,70,65,75,1,"",4,"",21,3,"",1,70,"5d16c3c940218700189a0f04",231,"auto",1
"329",3,4,8,100,7,100,2,"",3,"",47,4,"",1,15,"55bcd160fdf99b1c4e4ae632",232,"co",2
"330",2,4,68,93,72,92,2,"",3,"",24,3,"",1,46,"60fe416249894ff6470c2dd4",233,"auto",1
"331",1,6,0,100,0,100,1,"",3,"",29,3,"",1,70,"60fe47b274576eb477b06e6d",234,"auto",2
"332",4,4,60,40,41,60,1,"",3,"",61,7,"",1,0,"647fe69be349b78b571ecedd",235,"co",1
"335",2,4,80,81,80,80,3,"",7,"",28,4,"",1,30,"5b87dd09019cf60001a115b3",236,"auto",1
"336",1,4,85,100,60,100,2,"",3,"",25,3,"",1,50,"5f501061758a9c16a920cdd6",237,"auto",2
"337",4,4,0,100,0,100,1,"",3,"",35,5,"",1,25,"63ea42785b07b5a42bf95837",238,"co",1
"338",3,4,0,100,0,100,1,"",3,"",70,5,"",1,60,"5dcec32a367c6d000a4282c2",239,"co",2
"339",2,3,61,83,69,81,1,"",3,"",22,3,"",1,30,"63d4033588d36df68bce7c97",240,"auto",1
"340",1,4,10,90,60,90,1,"",3,"",29,3,"",1,20,"62fd86ae7c7fbcb2c2d31583",241,"auto",2
"341",2,6,0,100,10,100,1,"",3,"",43,5,"",1,40,"61096b18dc10f2a5fb0db48b",242,"auto",1
"342",2,5,63,60,65,61,2,"",3,"",25,4,"",1,65,"5fd6dd92bd1eb165c677833c",243,"auto",1
"344",3,4,31,93,30,91,1,"",3,"",25,1,"",1,64,"5c65c74edbd74600014664cc",244,"co",2
"345",1,5,40,60,5,100,2,"",3,"",39,3,"",1,80,"5dce29700ad506063969a4a5",245,"auto",2
"346",2,5,75,71,71,73,1,"",3,"",23,4,"",1,75,"60e4c1ed4967ef05aa4f5ac0",246,"auto",1
"347",3,4,28,100,17,100,2,"",3,"",31,3,"",1,60,"62e42aaad0079d2ff8e97597",247,"co",2
"349",4,4,0,100,0,100,1,"",3,"",42,2,"",2,30,"5d4a03a7278a80001a4fa9df",248,"co",1
"350",2,6,80,71,100,71,1,"",3,"",48,1,"",2,33,"5588b9e5fdf99b7f40e7f428",249,"auto",1
"351",1,3,60,70,60,70,1,"",3,"",28,4,"",1,60,"5fea9f4983f6afa8281acf14",250,"auto",2
"353",2,5,65,45,65,45,2,"",3,"",20,3,"",1,20,"60fc49d9f782769302ca5b35",251,"auto",1
"354",2,5,84,67,85,75,2,"",3,"",20,3,"",1,37,"6202997def1cb18a1337c483",252,"auto",1
"356",4,4,93,19,93,51,2,"",3,"",73,4,"",1,12,"5ec195df3f2aec276ff0bf33",253,"co",1
"357",1,5,0,100,0,100,2,"",3,"",62,8,"Associates Degree",1,9,"5bad1bebeb075f0001000339",254,"auto",2
"358",3,5,10,100,10,100,1,"",4,"",28,3,"",1,20,"5d1653de3935ca001b87ff71",255,"co",2
"359",4,4,52,73,76,59,1,"",1,"",24,3,"",1,64,"5f50732850c7c600098593df",256,"co",1
"361",1,6,0,100,0,100,1,"",3,"",40,4,"",1,66,"5d63867550d0dd0017805976",257,"auto",2
"362",3,4,3,100,1,100,2,"",5,"",40,3,"",1,31,"5dbe8324d5b87636af31cf4f",258,"co",2
"364",3,4,2,100,1,99,2,"",3,"",38,2,"",1,45,"5a72e36c6fc3c60001f97a9b",259,"co",2
"365",2,4,25,85,15,85,1,"",3,"",26,2,"",1,30,"59c2855d5c50560001df9858",260,"auto",1
"367",4,5,100,0,100,0,1,"",3,"",45,4,"",1,10,"6298f0e21abd78cb684b723c",261,"co",1
"368",4,2,20,80,20,80,2,"",3,"",68,4,"",1,65,"60c28e41b435c1a7757320d4",262,"co",1
"369",2,5,40,70,45,65,1,"",3,"",44,4,"",1,65,"5faf3a10d0a22f1c799eafc9",263,"auto",1
"370",3,5,2,100,0,100,1,"",3,"",34,4,"",1,65,"5cdad620eae6f70019d4e950",264,"co",2
"372",1,4,2,93,0,93,2,"",3,"",25,5,"",1,29,"5f736a9bcd8a200864ea7450",265,"auto",2
"373",4,4,62,56,69,70,1,"",5,"",36,5,"",1,24,"6401538f42950ef81e9f2d8d",266,"co",1
"375",1,6,20,78,18,80,2,"",3,"",26,3,"",1,34,"64074f8697955cb60084c756",267,"auto",2
"376",3,5,15,85,19,84,1,"",3,"",26,1,"",1,71,"5dd91a879dac7c8a7a36fecf",268,"co",2
"377",4,5,72,56,68,41,1,"",4,"",29,1,"",1,12,"5ca54993e706a40016359096",269,"co",1
"378",3,2,30,70,30,70,2,"",3,"",23,4,"",1,40,"60fc54b735f3211d0d10a371",270,"co",2
"379",3,4,50,90,69,90,1,"",3,"",34,3,"",1,20,"6115b2963198eca231d6eb2b",271,"co",2
"380",2,4,10,90,10,90,1,"",3,"",58,4,"",1,21,"5bdcd88176d6d50001bc3849",272,"auto",1
"381",1,5,16,100,20,100,1,"",3,"",40,4,"",1,8,"5ca419ef2fd4860001a501db",273,"auto",2
"382",4,4,20,100,20,100,4,"non-binary",3,"",45,1,"",1,30,"5f4a761d2a3d075f5bf652cc",274,"co",1
"384",4,4,5,95,5,95,1,"",3,"",49,1,"",1,45,"5c4ea6cc889752000156dd8e",275,"co",1
"385",2,4,57,59,51,67,1,"",3,"",32,5,"",1,70,"60c2b160526d0ae3b07ca006",276,"auto",1
"386",3,2,0,100,0,100,4,"non-binary",3,"",40,6,"",1,75,"63f77ee4aa0961332b87fd0f",277,"co",2
"387",3,4,24,75,20,82,1,"",2,"",20,3,"",1,70,"58ae59babb9e0f0001acb414",278,"co",2
"388",2,5,95,85,90,80,2,"",3,"",27,8,"Associate's Degree",2,35,"5b33034d975e260001e981c9",279,"auto",1
"389",4,6,10,90,0,100,2,"",4,"",31,3,"",1,30,"57d0badf28d5250001bdd9d2",280,"co",1
"390",1,4,0,100,0,100,1,"",3,"",50,5,"",1,24,"61fa94015719bc09cb834e2e",281,"auto",2
"393",3,3,58,59,61,59,1,"",4,"",24,3,"",1,51,"63062501b80b139870ea2af4",282,"co",2
"397",2,6,6,90,91,91,1,"",1,"",47,7,"",1,51,"5d1ccc7c7e747d0016183e65",283,"auto",1
"398",3,4,34,88,31,85,1,"",3,"",34,4,"",1,27,"63ff478aec95d54674669329",284,"co",2
"399",4,4,0,100,30,70,1,"",3,"",47,4,"",1,30,"57237b5b84458100130240bc",285,"co",1
"400",1,3,0,100,0,100,2,"",3,"",37,4,"",1,81,"5938e042e9b44100013ae891",286,"auto",2
"401",1,4,51,50,50,51,2,"",3,"",38,3,"",1,33,"56ee27ad65ca4d000cc39dd3",287,"auto",2
"403",1,5,49,100,50,100,2,"",3,"",26,1,"",1,50,"5ce9bfc4d439ae00015968dd",288,"auto",2
"404",1,4,40,70,40,75,1,"",4,"",21,3,"",1,40,"611b1d3794ac948af7e57e7a",289,"auto",2
"405",3,4,10,75,22,100,1,"",5,"",29,5,"",1,43,"57b4abf0f0ed6e0001517979",290,"co",2
"407",1,4,10,80,70,70,4,"Nonbinary",3,"",29,3,"",1,85,"63d82b0ef18b425db684c7e5",291,"auto",2
"411",4,5,72,36,78,45,1,"",3,"",39,4,"",1,25,"559002fefdf99b3f7aada38f",292,"co",1
"412",2,4,20,80,8,80,1,"",4,"",36,3,"",1,20,"62e1bc1f7bc99745a170ce2e",293,"auto",1
"413",4,3,50,75,60,75,2,"",3,"",30,1,"",2,40,"596bac33670f410001fe9c07",294,"co",1
"419",1,6,72,89,69,70,1,"",4,"",24,3,"",1,40,"5eefcc4bf64ab12846a5e671",295,"auto",2
"421",4,5,20,70,80,80,2,"",3,"",38,5,"",1,20,"6150f95a8a8b1ab9936de50b",296,"co",1
"422",1,6,21,91,11,87,1,"",3,"",38,3,"",1,17,"5d8108c0a6d2bf001afdb2d9",297,"auto",2
"423",3,4,0,100,0,100,1,"",4,"",28,3,"",1,75,"5decaac46e09cf3792805023",298,"co",2
"425",3,5,72,100,40,96,1,"",7,"",22,4,"",1,81,"5dda7bb3deb7569d45f5dc4b",299,"co",2
"426",3,2,0,100,0,100,1,"",3,"",57,4,"",1,25,"5f5eb22e58c9fb7782a6e90c",300,"co",2
"428",3,3,20,75,20,75,1,"",6,"Native American",31,1,"",1,0,"612c6bd26f5f81c5765989d9",301,"co",2
"429",3,4,13,92,9,92,1,"",3,"",57,1,"",1,19,"6114b416d9c506518392523e",302,"co",2
"430",2,5,30,76,25,75,1,"",2,"",36,5,"",1,20,"63d404f4eaf69448ef9e09e6",303,"auto",1
"431",3,4,0,100,0,100,2,"",3,"",30,4,"",1,2,"60cba315990708bd9ce1d262",304,"co",2
"433",1,2,67,75,61,67,1,"",3,"",73,5,"",1,67,"6441a52db3c961e7cc4fbc23",305,"auto",2
"434",4,4,58,96,60,92,1,"",2,"",34,5,"",1,60,"6288200662bdd110ddecad7a",306,"co",1
"436",1,6,55,92,9,91,1,"",3,"",25,3,"",1,100,"6314324f01a61202f89be43d",307,"auto",2
"437",1,6,81,94,86,92,2,"",1,"",51,2,"",2,0,"59c843b646f72100019067ce",308,"auto",2
"438",2,3,59,98,59,97,1,"",2,"",47,4,"",1,51,"61679f24fb77ff4978222991",309,"auto",1
"440",3,4,49,50,48,53,2,"",3,"",50,3,"",1,12,"63bc0a007b1c348dff56b59d",310,"co",2
"441",2,5,90,10,90,10,1,"",3,"",31,1,"",1,60,"5f4c90b455e3b98a801967d0",311,"auto",1
"442",1,6,9,100,9,100,2,"",3,"",55,7,"",1,80,"612517df29cd32c6632b4a44",312,"auto",2
"443",2,4,50,70,65,60,2,"",1,"",23,5,"",1,70,"62b9e995fd8c321a2f65a6cd",313,"auto",1
"444",4,4,0,100,0,100,1,"",3,"",42,1,"",1,70,"5de7fc0a75ce6e80152f80cf",314,"co",1
"446",2,2,0,100,0,100,2,"",3,"",47,1,"",1,8,"5db48b4d14dab8000de45fdf",315,"auto",1
"447",1,5,73,87,51,93,1,"",3,"",44,4,"",1,19,"585716b522a6220001da6cb4",316,"auto",2
"448",4,5,25,80,25,90,1,"",3,"",30,4,"",2,35,"6000cefee380e61fa9bc5ae4",317,"co",1
"449",3,3,0,100,0,100,1,"",3,"",50,3,"",1,70,"646ecd95c194e260ad764888",318,"co",2
"451",4,4,0,100,0,100,1,"",3,"",67,6,"",1,60,"63f4021039d138e8425201c7",319,"co",1
"452",4,3,75,62,87,58,1,"",3,"",29,5,"",1,64,"60ddf017992f20e34420dd08",320,"co",1
"453",2,4,35,65,20,80,2,"",3,"",43,4,"",1,20,"55ad16c5fdf99b4c8f99417f",321,"auto",1
"454",4,4,50,30,50,40,2,"",3,"",24,3,"",2,18,"5efe7ad27d413c3869386ef7",322,"co",1
"456",2,4,30,70,71,29,1,"",3,"",67,3,"",1,60,"640e04b278799b47b29d4ddd",323,"auto",1
"457",4,2,70,69,76,30,2,"",3,"",41,5,"",1,18,"610847fd403ae0217934a3a1",324,"co",1
"458",4,5,8,100,5,100,2,"",1,"",47,3,"",1,30,"5bac1d9dc1155b0001175e55",325,"co",1
"461",2,3,23,75,15,71,2,"",3,"",57,5,"",1,35,"6010b744db280e455a5250bd",326,"auto",1
"462",1,6,50,80,50,100,1,"",1,"",28,5,"",1,50,"608f45c4036fd5bbe8257c3d",327,"auto",2
"463",2,6,9,92,4,100,2,"",2,"",30,7,"",1,10,"5c1061cc7f73e20001186615",328,"auto",1
"464",2,6,0,100,0,100,1,"",3,"",50,3,"",1,10,"581e0aee4182b600017307ea",329,"auto",1
"465",2,5,40,90,70,100,1,"",3,"",34,5,"",1,40,"62a359b56170fed072330987",330,"auto",1
"466",3,6,0,75,0,75,2,"",3,"",43,4,"",1,80,"63f7cf04c7b1a4c4972e9254",331,"co",2
"467",1,6,10,100,9,90,2,"",3,"",77,4,"",2,30,"5c1150e31e7d6900018207ef",332,"auto",2
"468",2,4,5,94,13,94,2,"",3,"",37,6,"",1,28,"60c382725a7a55abef2e8e99",333,"auto",1
"471",2,6,0,100,10,100,2,"",3,"",63,3,"",2,5,"5ba5d8b960f3d50001697104",334,"auto",1
"474",2,2,58,33,80,64,1,"",3,"",43,4,"",1,24,"5a10ab0a120fb300019496f4",335,"auto",1
"476",1,6,50,50,50,50,2,"",3,"",29,3,"",1,10,"63e55908254a436361a6787b",336,"auto",2
"477",3,2,20,85,25,80,1,"",3,"",26,1,"",1,75,"5c5c5313a3e64300012b5042",337,"co",2
"482",3,3,0,100,0,100,2,"",3,"",60,4,"",1,50,"6394e83b4be197877056c3bd",338,"co",2
"483",2,5,61,56,66,65,2,"",3,"",21,3,"",1,43,"5f0e6359bc42c41ac183a80f",339,"auto",1
"484",1,6,0,100,0,100,1,"",4,"",40,3,"",1,60,"5da640b9640c5d00133f384b",340,"auto",2
"487",1,4,60,80,63,80,4,"agender",3,"",32,3,"",1,24,"56e32190e414dc000c8b40ae",341,"auto",2
"488",2,4,0,85,90,80,1,"",3,"",57,5,"",1,60,"614f68fe19bd10bb768e5e3b",342,"auto",1
"489",4,3,67,91,68,84,2,"",3,"",29,2,"",1,36,"578e8bd7baec1b00016977c1",343,"co",1
"490",3,6,55,55,60,71,1,"",3,"",28,4,"",1,13,"569cffa09e8363000c3087cd",344,"co",2
"491",2,4,0,100,10,90,1,"",3,"",34,3,"",1,21,"611c1cf68a3a6fc487b01d82",345,"auto",1
"492",2,5,51,51,50,75,2,"",3,"",57,4,"",1,60,"6174b049932ee98236563b51",346,"auto",1
"493",3,5,15,92,36,69,1,"",4,"",31,3,"",2,44,"63d20ab5cc10928b0f1614e1",347,"co",2
"494",4,6,93,100,78,95,2,"",3,"",40,5,"",1,60,"63ea6fc5092518554c9b8111",348,"co",1
"496",3,4,20,85,20,80,1,"",3,"",29,4,"",1,10,"63d4228c4477a4a824d0228c",349,"co",2
"498",1,3,49,100,51,100,1,"",3,"",38,4,"",1,13,"6294bdac3f1ed08e968e53bf",350,"auto",2
"499",4,4,0,100,51,51,2,"",3,"",71,4,"",1,2,"6429ffe11a9806a9a95ad072",351,"co",1
"500",2,6,70,100,87,82,2,"",3,"",37,4,"",1,17,"5ea3b1b9fc11ed33dde53561",352,"auto",1
"502",1,4,0,100,0,100,1,"",1,"",24,4,"",1,41,"5f5ab115b8e6411bcb5dadf1",353,"auto",2
